item_id,np_text,noun1,noun1_animacy,preposition,noun2,noun2_animacy,adverb
1,The actor in the building usually,actor,animate,in,building,inanimate,usually
2,The actress around the building usually,actress,animate,around,building,inanimate,usually
3,The aide under the building usually,aide,animate,under,building,inanimate,usually
4,The ally around the building usually,ally,animate,around,building,inanimate,usually
5,The athlete near the building usually,athlete,animate,near,building,inanimate,usually
6,The author around the building usually,author,animate,around,building,inanimate,usually
7,The baby across the building usually,baby,animate,across,building,inanimate,usually
8,The baker under the building usually,baker,animate,under,building,inanimate,usually
9,The barber over the building usually,barber,animate,over,building,inanimate,usually
10,The beggar under the building usually,beggar,animate,under,building,inanimate,usually
11,The boss across the building usually,boss,animate,across,building,inanimate,usually
12,The boy in the building usually,boy,animate,in,building,inanimate,usually
13,The bride over the building usually,bride,animate,over,building,inanimate,usually
14,The brother near the building usually,brother,animate,near,building,inanimate,usually
15,The captain outside the building usually,captain,animate,outside,building,inanimate,usually
16,The caregiver under the building usually,caregiver,animate,under,building,inanimate,usually
17,The carpenter across the building usually,carpenter,animate,across,building,inanimate,usually
18,The cashier inside the building usually,cashier,animate,inside,building,inanimate,usually
19,The chef inside the building usually,chef,animate,inside,building,inanimate,usually
20,The child over the building usually,child,animate,over,building,inanimate,usually
21,The clerk under the building usually,clerk,animate,under,building,inanimate,usually
22,The coach inside the building usually,coach,animate,inside,building,inanimate,usually
23,The colleague before the building usually,colleague,animate,before,building,inanimate,usually
24,The commander near the building usually,commander,animate,near,building,inanimate,usually
25,The consultant in the building usually,consultant,animate,in,building,inanimate,usually
26,The cook over the building usually,cook,animate,over,building,inanimate,usually
27,The cousin inside the building usually,cousin,animate,inside,building,inanimate,usually
28,The customer across the building usually,customer,animate,across,building,inanimate,usually
29,The dancer inside the building usually,dancer,animate,inside,building,inanimate,usually
30,The dentist over the building usually,dentist,animate,over,building,inanimate,usually
31,The detective in the building usually,detective,animate,in,building,inanimate,usually
32,The doctor around the building usually,doctor,animate,around,building,inanimate,usually
33,The driver across the building usually,driver,animate,across,building,inanimate,usually
34,The editor near the building usually,editor,animate,near,building,inanimate,usually
35,The engineer over the building usually,engineer,animate,over,building,inanimate,usually
36,The farmer in the building usually,farmer,animate,in,building,inanimate,usually
37,The father outside the building usually,father,animate,outside,building,inanimate,usually
38,The fighter around the building usually,fighter,animate,around,building,inanimate,usually
39,The firefighter after the building usually,firefighter,animate,after,building,inanimate,usually
40,The friend in the building usually,friend,animate,in,building,inanimate,usually
41,The gardener after the building usually,gardener,animate,after,building,inanimate,usually
42,The girl in the building usually,girl,animate,in,building,inanimate,usually
43,The grandfather inside the building usually,grandfather,animate,inside,building,inanimate,usually
44,The grandmother over the building usually,grandmother,animate,over,building,inanimate,usually
45,The guest before the building usually,guest,animate,before,building,inanimate,usually
46,The guard outside the building usually,guard,animate,outside,building,inanimate,usually
47,The guide behind the building usually,guide,animate,behind,building,inanimate,usually
48,The heir beside the building usually,heir,animate,beside,building,inanimate,usually
49,The hero beside the building usually,hero,animate,beside,building,inanimate,usually
50,The host beside the building usually,host,animate,beside,building,inanimate,usually
51,The hunter outside the building usually,hunter,animate,outside,building,inanimate,usually
52,The judge after the building usually,judge,animate,after,building,inanimate,usually
53,The kid after the building usually,kid,animate,after,building,inanimate,usually
54,The king behind the building usually,king,animate,behind,building,inanimate,usually
55,The lad near the building usually,lad,animate,near,building,inanimate,usually
56,The lady inside the building usually,lady,animate,inside,building,inanimate,usually
57,The lawyer inside the building usually,lawyer,animate,inside,building,inanimate,usually
58,The leader behind the building usually,leader,animate,behind,building,inanimate,usually
59,The librarian near the building usually,librarian,animate,near,building,inanimate,usually
60,The lieutenant over the building usually,lieutenant,animate,over,building,inanimate,usually
61,The listener over the building usually,listener,animate,over,building,inanimate,usually
62,The loader around the building usually,loader,animate,around,building,inanimate,usually
63,The manager outside the building usually,manager,animate,outside,building,inanimate,usually
64,The mayor around the building usually,mayor,animate,around,building,inanimate,usually
65,The mechanic over the building usually,mechanic,animate,over,building,inanimate,usually
66,The minister over the building usually,minister,animate,over,building,inanimate,usually
67,The mother beside the building usually,mother,animate,beside,building,inanimate,usually
68,The musician before the building usually,musician,animate,before,building,inanimate,usually
69,The neighbor inside the building usually,neighbor,animate,inside,building,inanimate,usually
70,The nurse near the building usually,nurse,animate,near,building,inanimate,usually
71,The officer behind the building usually,officer,animate,behind,building,inanimate,usually
72,The organist near the building usually,organist,animate,near,building,inanimate,usually
73,The owner around the building usually,owner,animate,around,building,inanimate,usually
74,The parent behind the building usually,parent,animate,behind,building,inanimate,usually
75,The passenger outside the building usually,passenger,animate,outside,building,inanimate,usually
76,The patient beside the building usually,patient,animate,beside,building,inanimate,usually
77,The performer under the building usually,performer,animate,under,building,inanimate,usually
78,The pharmacist beside the building usually,pharmacist,animate,beside,building,inanimate,usually
79,The photographer near the building usually,photographer,animate,near,building,inanimate,usually
80,The pilot across the building usually,pilot,animate,across,building,inanimate,usually
81,The plumber before the building usually,plumber,animate,before,building,inanimate,usually
82,The policeman under the building usually,policeman,animate,under,building,inanimate,usually
83,The policewoman under the building usually,policewoman,animate,under,building,inanimate,usually
84,The politician over the building usually,politician,animate,over,building,inanimate,usually
85,The porter under the building usually,porter,animate,under,building,inanimate,usually
86,The postman under the building usually,postman,animate,under,building,inanimate,usually
87,The priest before the building usually,priest,animate,before,building,inanimate,usually
88,The prince around the building usually,prince,animate,around,building,inanimate,usually
89,The princess before the building usually,princess,animate,before,building,inanimate,usually
90,The prisoner across the building usually,prisoner,animate,across,building,inanimate,usually
91,The professor before the building usually,professor,animate,before,building,inanimate,usually
92,The prophet before the building usually,prophet,animate,before,building,inanimate,usually
93,The receptionist behind the building usually,receptionist,animate,behind,building,inanimate,usually
94,The reporter around the building usually,reporter,animate,around,building,inanimate,usually
95,The researcher inside the building usually,researcher,animate,inside,building,inanimate,usually
96,The sailor near the building usually,sailor,animate,near,building,inanimate,usually
97,The salesman over the building usually,salesman,animate,over,building,inanimate,usually
98,The saleswoman inside the building usually,saleswoman,animate,inside,building,inanimate,usually
99,The scientist after the building usually,scientist,animate,after,building,inanimate,usually
100,The secretary around the building usually,secretary,animate,around,building,inanimate,usually
101,The senator around the building usually,senator,animate,around,building,inanimate,usually
102,The servant under the building usually,servant,animate,under,building,inanimate,usually
103,The singer behind the building usually,singer,animate,behind,building,inanimate,usually
104,The soldier around the building usually,soldier,animate,around,building,inanimate,usually
105,The speaker behind the building usually,speaker,animate,behind,building,inanimate,usually
106,The student behind the building usually,student,animate,behind,building,inanimate,usually
107,The surgeon after the building usually,surgeon,animate,after,building,inanimate,usually
108,The tailor beside the building usually,tailor,animate,beside,building,inanimate,usually
109,The teacher in the building usually,teacher,animate,in,building,inanimate,usually
110,The technician before the building usually,technician,animate,before,building,inanimate,usually
111,The tourist across the building usually,tourist,animate,across,building,inanimate,usually
112,The trainee after the building usually,trainee,animate,after,building,inanimate,usually
113,The trainer under the building usually,trainer,animate,under,building,inanimate,usually
114,The traveler in the building usually,traveler,animate,in,building,inanimate,usually
115,The villager behind the building usually,villager,animate,behind,building,inanimate,usually
116,The visitor in the building usually,visitor,animate,in,building,inanimate,usually
117,The waiter behind the building usually,waiter,animate,behind,building,inanimate,usually
118,The waitress after the building usually,waitress,animate,after,building,inanimate,usually
119,The warrior around the building usually,warrior,animate,around,building,inanimate,usually
120,The watchman around the building usually,watchman,animate,around,building,inanimate,usually
121,The widow before the building usually,widow,animate,before,building,inanimate,usually
122,The widower over the building usually,widower,animate,over,building,inanimate,usually
123,The worker in the building usually,worker,animate,in,building,inanimate,usually
124,The writer after the building usually,writer,animate,after,building,inanimate,usually
125,The youth around the building usually,youth,animate,around,building,inanimate,usually
126,The accountant near the building usually,accountant,animate,near,building,inanimate,usually
127,The advisor across the building usually,advisor,animate,across,building,inanimate,usually
128,The agent behind the building usually,agent,animate,behind,building,inanimate,usually
129,The ambassador over the building usually,ambassador,animate,over,building,inanimate,usually
130,The analyst in the building usually,analyst,animate,in,building,inanimate,usually
131,The apprentice under the building usually,apprentice,animate,under,building,inanimate,usually
132,The architect behind the building usually,architect,animate,behind,building,inanimate,usually
133,The artist in the building usually,artist,animate,in,building,inanimate,usually
134,The assistant near the building usually,assistant,animate,near,building,inanimate,usually
135,The attendant outside the building usually,attendant,animate,outside,building,inanimate,usually
136,The auditor before the building usually,auditor,animate,before,building,inanimate,usually
137,The banker across the building usually,banker,animate,across,building,inanimate,usually
138,The barista outside the building usually,barista,animate,outside,building,inanimate,usually
139,The biologist near the building usually,biologist,animate,near,building,inanimate,usually
140,The broker behind the building usually,broker,animate,behind,building,inanimate,usually
141,The builder in the building usually,builder,animate,in,building,inanimate,usually
142,The butcher over the building usually,butcher,animate,over,building,inanimate,usually
143,The buyer behind the building usually,buyer,animate,behind,building,inanimate,usually
144,The candidate in the building usually,candidate,animate,in,building,inanimate,usually
145,The caretaker after the building usually,caretaker,animate,after,building,inanimate,usually
146,The censor beside the building usually,censor,animate,beside,building,inanimate,usually
147,The chancellor across the building usually,chancellor,animate,across,building,inanimate,usually
148,The chemist outside the building usually,chemist,animate,outside,building,inanimate,usually
149,The clerk before the building usually,clerk,animate,before,building,inanimate,usually
150,The coach before the building usually,coach,animate,before,building,inanimate,usually
151,The collector after the building usually,collector,animate,after,building,inanimate,usually
152,The comedian in the building usually,comedian,animate,in,building,inanimate,usually
153,The composer across the building usually,composer,animate,across,building,inanimate,usually
154,The conductor outside the building usually,conductor,animate,outside,building,inanimate,usually
155,The conservator across the building usually,conservator,animate,across,building,inanimate,usually
156,The consultant around the building usually,consultant,animate,around,building,inanimate,usually
157,The contractor before the building usually,contractor,animate,before,building,inanimate,usually
158,The controller before the building usually,controller,animate,before,building,inanimate,usually
159,The coordinator before the building usually,coordinator,animate,before,building,inanimate,usually
160,The coroner inside the building usually,coroner,animate,inside,building,inanimate,usually
161,The courier behind the building usually,courier,animate,behind,building,inanimate,usually
162,The critic behind the building usually,critic,animate,behind,building,inanimate,usually
163,The curator after the building usually,curator,animate,after,building,inanimate,usually
164,The custodian under the building usually,custodian,animate,under,building,inanimate,usually
165,The dealer near the building usually,dealer,animate,near,building,inanimate,usually
166,The decorator under the building usually,decorator,animate,under,building,inanimate,usually
167,The defender before the building usually,defender,animate,before,building,inanimate,usually
168,The designer beside the building usually,designer,animate,beside,building,inanimate,usually
169,The developer before the building usually,developer,animate,before,building,inanimate,usually
170,The director near the building usually,director,animate,near,building,inanimate,usually
171,The dispatcher in the building usually,dispatcher,animate,in,building,inanimate,usually
172,The distributor around the building usually,distributor,animate,around,building,inanimate,usually
173,The diver over the building usually,diver,animate,over,building,inanimate,usually
174,The doctor beside the building usually,doctor,animate,beside,building,inanimate,usually
175,The driver over the building usually,driver,animate,over,building,inanimate,usually
176,The economist over the building usually,economist,animate,over,building,inanimate,usually
177,The editor in the building usually,editor,animate,in,building,inanimate,usually
178,The educator before the building usually,educator,animate,before,building,inanimate,usually
179,The electrician under the building usually,electrician,animate,under,building,inanimate,usually
180,The employee around the building usually,employee,animate,around,building,inanimate,usually
181,The engineer under the building usually,engineer,animate,under,building,inanimate,usually
182,The entrepreneur beside the building usually,entrepreneur,animate,beside,building,inanimate,usually
183,The estimator under the building usually,estimator,animate,under,building,inanimate,usually
184,The examiner across the building usually,examiner,animate,across,building,inanimate,usually
185,The executive in the building usually,executive,animate,in,building,inanimate,usually
186,The expert inside the building usually,expert,animate,inside,building,inanimate,usually
187,The facilitator inside the building usually,facilitator,animate,inside,building,inanimate,usually
188,The farmer after the building usually,farmer,animate,after,building,inanimate,usually
189,The financier over the building usually,financier,animate,over,building,inanimate,usually
190,The florist under the building usually,florist,animate,under,building,inanimate,usually
191,The foreman before the building usually,foreman,animate,before,building,inanimate,usually
192,The founder beside the building usually,founder,animate,beside,building,inanimate,usually
193,The freelancer outside the building usually,freelancer,animate,outside,building,inanimate,usually
194,The geologist near the building usually,geologist,animate,near,building,inanimate,usually
195,The governor beside the building usually,governor,animate,beside,building,inanimate,usually
196,The graduate under the building usually,graduate,animate,under,building,inanimate,usually
197,The guard after the building usually,guard,animate,after,building,inanimate,usually
198,The guide across the building usually,guide,animate,across,building,inanimate,usually
199,The handler across the building usually,handler,animate,across,building,inanimate,usually
200,The head beside the building usually,head,animate,beside,building,inanimate,usually
201,The historian under the building usually,historian,animate,under,building,inanimate,usually
202,The illustrator under the building usually,illustrator,animate,under,building,inanimate,usually
203,The inspector across the building usually,inspector,animate,across,building,inanimate,usually
204,The instructor across the building usually,instructor,animate,across,building,inanimate,usually
205,The intern in the building usually,intern,animate,in,building,inanimate,usually
206,The interviewer after the building usually,interviewer,animate,after,building,inanimate,usually
207,The investigator around the building usually,investigator,animate,around,building,inanimate,usually
208,The janitor over the building usually,janitor,animate,over,building,inanimate,usually
209,The journalist in the building usually,journalist,animate,in,building,inanimate,usually
210,The judge beside the building usually,judge,animate,beside,building,inanimate,usually
211,The laborer before the building usually,laborer,animate,before,building,inanimate,usually
212,The landlord across the building usually,landlord,animate,across,building,inanimate,usually
213,The lawyer after the building usually,lawyer,animate,after,building,inanimate,usually
214,The lecturer outside the building usually,lecturer,animate,outside,building,inanimate,usually
215,The legislator in the building usually,legislator,animate,in,building,inanimate,usually
216,The librarian around the building usually,librarian,animate,around,building,inanimate,usually
217,The machinist in the building usually,machinist,animate,in,building,inanimate,usually
218,The manager under the building usually,manager,animate,under,building,inanimate,usually
219,The marketer under the building usually,marketer,animate,under,building,inanimate,usually
220,The mathematician inside the building usually,mathematician,animate,inside,building,inanimate,usually
221,The medic near the building usually,medic,animate,near,building,inanimate,usually
222,The mentor behind the building usually,mentor,animate,behind,building,inanimate,usually
223,The merchant outside the building usually,merchant,animate,outside,building,inanimate,usually
224,The messenger behind the building usually,messenger,animate,behind,building,inanimate,usually
225,The miner inside the building usually,miner,animate,inside,building,inanimate,usually
226,The model across the building usually,model,animate,across,building,inanimate,usually
227,The moderator after the building usually,moderator,animate,after,building,inanimate,usually
228,The monitor after the building usually,monitor,animate,after,building,inanimate,usually
229,The navigator under the building usually,navigator,animate,under,building,inanimate,usually
230,The negotiator around the building usually,negotiator,animate,around,building,inanimate,usually
231,The novelist around the building usually,novelist,animate,around,building,inanimate,usually
232,The observer beside the building usually,observer,animate,beside,building,inanimate,usually
233,The operator before the building usually,operator,animate,before,building,inanimate,usually
234,The optician around the building usually,optician,animate,around,building,inanimate,usually
235,The orderly after the building usually,orderly,animate,after,building,inanimate,usually
236,The organizer around the building usually,organizer,animate,around,building,inanimate,usually
237,The painter after the building usually,painter,animate,after,building,inanimate,usually
238,The paramedic around the building usually,paramedic,animate,around,building,inanimate,usually
239,The pastor in the building usually,pastor,animate,in,building,inanimate,usually
240,The pathologist after the building usually,pathologist,animate,after,building,inanimate,usually
241,The pediatrician after the building usually,pediatrician,animate,after,building,inanimate,usually
242,The performer before the building usually,performer,animate,before,building,inanimate,usually
243,The pharmacist over the building usually,pharmacist,animate,over,building,inanimate,usually
244,The philosopher behind the building usually,philosopher,animate,behind,building,inanimate,usually
245,The physicist inside the building usually,physicist,animate,inside,building,inanimate,usually
246,The planner before the building usually,planner,animate,before,building,inanimate,usually
247,The podiatrist under the building usually,podiatrist,animate,under,building,inanimate,usually
248,The poet behind the building usually,poet,animate,behind,building,inanimate,usually
249,The policeman across the building usually,policeman,animate,across,building,inanimate,usually
250,The presenter across the building usually,presenter,animate,across,building,inanimate,usually
251,The producer inside the building usually,producer,animate,inside,building,inanimate,usually
252,The programmer under the building usually,programmer,animate,under,building,inanimate,usually
253,The promoter in the building usually,promoter,animate,in,building,inanimate,usually
254,The proofreader after the building usually,proofreader,animate,after,building,inanimate,usually
255,The psychiatrist inside the building usually,psychiatrist,animate,inside,building,inanimate,usually
256,The psychologist around the building usually,psychologist,animate,around,building,inanimate,usually
257,The publicist beside the building usually,publicist,animate,beside,building,inanimate,usually
258,The publisher in the building usually,publisher,animate,in,building,inanimate,usually
259,The quarterback beside the building usually,quarterback,animate,beside,building,inanimate,usually
260,The radiologist under the building usually,radiologist,animate,under,building,inanimate,usually
261,The ranger before the building usually,ranger,animate,before,building,inanimate,usually
262,The realtor behind the building usually,realtor,animate,behind,building,inanimate,usually
263,The receptionist across the building usually,receptionist,animate,across,building,inanimate,usually
264,The recruiter near the building usually,recruiter,animate,near,building,inanimate,usually
265,The referee across the building usually,referee,animate,across,building,inanimate,usually
266,The registrar over the building usually,registrar,animate,over,building,inanimate,usually
267,The reporter outside the building usually,reporter,animate,outside,building,inanimate,usually
268,The researcher across the building usually,researcher,animate,across,building,inanimate,usually
269,The resident inside the building usually,resident,animate,inside,building,inanimate,usually
270,The responder over the building usually,responder,animate,over,building,inanimate,usually
271,The restaurateur before the building usually,restaurateur,animate,before,building,inanimate,usually
272,The retailer inside the building usually,retailer,animate,inside,building,inanimate,usually
273,The reviewer in the building usually,reviewer,animate,in,building,inanimate,usually
274,The salesman near the building usually,salesman,animate,near,building,inanimate,usually
275,The scholar across the building usually,scholar,animate,across,building,inanimate,usually
276,The scientist over the building usually,scientist,animate,over,building,inanimate,usually
277,The scout inside the building usually,scout,animate,inside,building,inanimate,usually
278,The secretary inside the building usually,secretary,animate,inside,building,inanimate,usually
279,The security before the building usually,security,animate,before,building,inanimate,usually
280,The senator inside the building usually,senator,animate,inside,building,inanimate,usually
281,The sergeant in the building usually,sergeant,animate,in,building,inanimate,usually
282,The shopkeeper under the building usually,shopkeeper,animate,under,building,inanimate,usually
283,The sociologist outside the building usually,sociologist,animate,outside,building,inanimate,usually
284,The software outside the building usually,software,animate,outside,building,inanimate,usually
285,The specialist in the building usually,specialist,animate,in,building,inanimate,usually
286,The spokesperson around the building usually,spokesperson,animate,around,building,inanimate,usually
287,The statistician inside the building usually,statistician,animate,inside,building,inanimate,usually
288,The strategist near the building usually,strategist,animate,near,building,inanimate,usually
289,The supervisor in the building usually,supervisor,animate,in,building,inanimate,usually
290,The surveyor over the building usually,surveyor,animate,over,building,inanimate,usually
291,The systems across the building usually,systems,animate,across,building,inanimate,usually
292,The teacher after the building usually,teacher,animate,after,building,inanimate,usually
293,The technician around the building usually,technician,animate,around,building,inanimate,usually
294,The telemarketer over the building usually,telemarketer,animate,over,building,inanimate,usually
295,The therapist in the building usually,therapist,animate,in,building,inanimate,usually
296,The trader before the building usually,trader,animate,before,building,inanimate,usually
297,The trainer under the building usually,trainer,animate,under,building,inanimate,usually
298,The translator near the building usually,translator,animate,near,building,inanimate,usually
299,The treasurer over the building usually,treasurer,animate,over,building,inanimate,usually
300,The tutor over the building usually,tutor,animate,over,building,inanimate,usually
301,The umpire over the building usually,umpire,animate,over,building,inanimate,usually
302,The undertaker after the building usually,undertaker,animate,after,building,inanimate,usually
303,The usher over the building usually,usher,animate,over,building,inanimate,usually
304,The vendor outside the building usually,vendor,animate,outside,building,inanimate,usually
305,The veterinarian across the building usually,veterinarian,animate,across,building,inanimate,usually
306,The videographer before the building usually,videographer,animate,before,building,inanimate,usually
307,The volunteer outside the building usually,volunteer,animate,outside,building,inanimate,usually
308,The warden beside the building usually,warden,animate,beside,building,inanimate,usually
309,The welder in the building usually,welder,animate,in,building,inanimate,usually
310,The worker outside the building usually,worker,animate,outside,building,inanimate,usually
311,The writer near the building usually,writer,animate,near,building,inanimate,usually
312,The zoologist before the building usually,zoologist,animate,before,building,inanimate,usually
313,The activist over the building usually,activist,animate,over,building,inanimate,usually
314,The advocate inside the building usually,advocate,animate,inside,building,inanimate,usually
315,The ambassador in the building usually,ambassador,animate,in,building,inanimate,usually
316,The analyst across the building usually,analyst,animate,across,building,inanimate,usually
317,The apprentice outside the building usually,apprentice,animate,outside,building,inanimate,usually
318,The architect around the building usually,architect,animate,around,building,inanimate,usually
319,The artist around the building usually,artist,animate,around,building,inanimate,usually
320,The assistant in the building usually,assistant,animate,in,building,inanimate,usually
321,The attendant outside the building usually,attendant,animate,outside,building,inanimate,usually
322,The auditor over the building usually,auditor,animate,over,building,inanimate,usually
323,The banker over the building usually,banker,animate,over,building,inanimate,usually
324,The barista before the building usually,barista,animate,before,building,inanimate,usually
325,The biologist behind the building usually,biologist,animate,behind,building,inanimate,usually
326,The broker around the building usually,broker,animate,around,building,inanimate,usually
327,The builder across the building usually,builder,animate,across,building,inanimate,usually
328,The butcher after the building usually,butcher,animate,after,building,inanimate,usually
329,The buyer inside the building usually,buyer,animate,inside,building,inanimate,usually
330,The candidate under the building usually,candidate,animate,under,building,inanimate,usually
331,The caretaker beside the building usually,caretaker,animate,beside,building,inanimate,usually
332,The censor under the building usually,censor,animate,under,building,inanimate,usually
333,The chancellor beside the building usually,chancellor,animate,beside,building,inanimate,usually
334,The chemist under the building usually,chemist,animate,under,building,inanimate,usually
335,The clerk around the building usually,clerk,animate,around,building,inanimate,usually
336,The coach over the building usually,coach,animate,over,building,inanimate,usually
337,The collector across the building usually,collector,animate,across,building,inanimate,usually
338,The comedian after the building usually,comedian,animate,after,building,inanimate,usually
339,The composer across the building usually,composer,animate,across,building,inanimate,usually
340,The conductor outside the building usually,conductor,animate,outside,building,inanimate,usually
341,The conservator outside the building usually,conservator,animate,outside,building,inanimate,usually
342,The consultant around the building usually,consultant,animate,around,building,inanimate,usually
343,The contractor across the building usually,contractor,animate,across,building,inanimate,usually
344,The controller around the building usually,controller,animate,around,building,inanimate,usually
345,The coordinator beside the building usually,coordinator,animate,beside,building,inanimate,usually
346,The coroner inside the building usually,coroner,animate,inside,building,inanimate,usually
347,The courier around the building usually,courier,animate,around,building,inanimate,usually
348,The critic outside the building usually,critic,animate,outside,building,inanimate,usually
349,The curator behind the building usually,curator,animate,behind,building,inanimate,usually
350,The dealer near the building usually,dealer,animate,near,building,inanimate,usually
351,The decorator inside the building usually,decorator,animate,inside,building,inanimate,usually
352,The defender outside the building usually,defender,animate,outside,building,inanimate,usually
353,The designer after the building usually,designer,animate,after,building,inanimate,usually
354,The developer before the building usually,developer,animate,before,building,inanimate,usually
355,The director inside the building usually,director,animate,inside,building,inanimate,usually
356,The dispatcher beside the building usually,dispatcher,animate,beside,building,inanimate,usually
357,The distributor after the building usually,distributor,animate,after,building,inanimate,usually
358,The diver in the building usually,diver,animate,in,building,inanimate,usually
359,The doctor inside the building usually,doctor,animate,inside,building,inanimate,usually
360,The driver beside the building usually,driver,animate,beside,building,inanimate,usually
361,The economist behind the building usually,economist,animate,behind,building,inanimate,usually
362,The editor around the building usually,editor,animate,around,building,inanimate,usually
363,The educator around the building usually,educator,animate,around,building,inanimate,usually
364,The electrician over the building usually,electrician,animate,over,building,inanimate,usually
365,The employee across the building usually,employee,animate,across,building,inanimate,usually
366,The engineer beside the building usually,engineer,animate,beside,building,inanimate,usually
367,The entrepreneur behind the building usually,entrepreneur,animate,behind,building,inanimate,usually
368,The estimator near the building usually,estimator,animate,near,building,inanimate,usually
369,The examiner over the building usually,examiner,animate,over,building,inanimate,usually
370,The executive over the building usually,executive,animate,over,building,inanimate,usually
371,The expert over the building usually,expert,animate,over,building,inanimate,usually
372,The facilitator after the building usually,facilitator,animate,after,building,inanimate,usually
373,The farmer outside the building usually,farmer,animate,outside,building,inanimate,usually
374,The financier outside the building usually,financier,animate,outside,building,inanimate,usually
375,The florist beside the building usually,florist,animate,beside,building,inanimate,usually
376,The foreman across the building usually,foreman,animate,across,building,inanimate,usually
377,The founder behind the building usually,founder,animate,behind,building,inanimate,usually
378,The freelancer in the building usually,freelancer,animate,in,building,inanimate,usually
379,The geologist outside the building usually,geologist,animate,outside,building,inanimate,usually
380,The governor outside the building usually,governor,animate,outside,building,inanimate,usually
381,The graduate beside the building usually,graduate,animate,beside,building,inanimate,usually
382,The guard before the building usually,guard,animate,before,building,inanimate,usually
383,The guide near the building usually,guide,animate,near,building,inanimate,usually
384,The handler after the building usually,handler,animate,after,building,inanimate,usually
385,The head inside the building usually,head,animate,inside,building,inanimate,usually
386,The historian behind the building usually,historian,animate,behind,building,inanimate,usually
387,The illustrator inside the building usually,illustrator,animate,inside,building,inanimate,usually
388,The inspector before the building usually,inspector,animate,before,building,inanimate,usually
389,The instructor inside the building usually,instructor,animate,inside,building,inanimate,usually
390,The intern in the building usually,intern,animate,in,building,inanimate,usually
391,The interviewer near the building usually,interviewer,animate,near,building,inanimate,usually
392,The investigator under the building usually,investigator,animate,under,building,inanimate,usually
393,The janitor in the building usually,janitor,animate,in,building,inanimate,usually
394,The journalist after the building usually,journalist,animate,after,building,inanimate,usually
395,The judge inside the building usually,judge,animate,inside,building,inanimate,usually
396,The laborer in the building usually,laborer,animate,in,building,inanimate,usually
397,The landlord near the building usually,landlord,animate,near,building,inanimate,usually
398,The lawyer before the building usually,lawyer,animate,before,building,inanimate,usually
399,The lecturer in the building usually,lecturer,animate,in,building,inanimate,usually
400,The legislator near the building usually,legislator,animate,near,building,inanimate,usually
401,The librarian outside the building usually,librarian,animate,outside,building,inanimate,usually
402,The machinist outside the building usually,machinist,animate,outside,building,inanimate,usually
403,The manager before the building usually,manager,animate,before,building,inanimate,usually
404,The marketer outside the building usually,marketer,animate,outside,building,inanimate,usually
405,The mathematician outside the building usually,mathematician,animate,outside,building,inanimate,usually
406,The medic under the building usually,medic,animate,under,building,inanimate,usually
407,The mentor in the building usually,mentor,animate,in,building,inanimate,usually
408,The merchant across the building usually,merchant,animate,across,building,inanimate,usually
409,The messenger behind the building usually,messenger,animate,behind,building,inanimate,usually
410,The miner outside the building usually,miner,animate,outside,building,inanimate,usually
411,The model inside the building usually,model,animate,inside,building,inanimate,usually
412,The moderator in the building usually,moderator,animate,in,building,inanimate,usually
413,The monitor outside the building usually,monitor,animate,outside,building,inanimate,usually
414,The navigator in the building usually,navigator,animate,in,building,inanimate,usually
415,The negotiator beside the building usually,negotiator,animate,beside,building,inanimate,usually
416,The novelist inside the building usually,novelist,animate,inside,building,inanimate,usually
417,The observer near the building usually,observer,animate,near,building,inanimate,usually
418,The operator over the building usually,operator,animate,over,building,inanimate,usually
419,The optician before the building usually,optician,animate,before,building,inanimate,usually
420,The orderly beside the building usually,orderly,animate,beside,building,inanimate,usually
421,The organizer across the building usually,organizer,animate,across,building,inanimate,usually
422,The painter inside the building usually,painter,animate,inside,building,inanimate,usually
423,The paramedic across the building usually,paramedic,animate,across,building,inanimate,usually
424,The pastor after the building usually,pastor,animate,after,building,inanimate,usually
425,The pathologist in the building usually,pathologist,animate,in,building,inanimate,usually
426,The pediatrician near the building usually,pediatrician,animate,near,building,inanimate,usually
427,The performer inside the building usually,performer,animate,inside,building,inanimate,usually
428,The pharmacist over the building usually,pharmacist,animate,over,building,inanimate,usually
429,The philosopher under the building usually,philosopher,animate,under,building,inanimate,usually
430,The physicist near the building usually,physicist,animate,near,building,inanimate,usually
431,The planner across the building usually,planner,animate,across,building,inanimate,usually
432,The podiatrist after the building usually,podiatrist,animate,after,building,inanimate,usually
433,The poet inside the building usually,poet,animate,inside,building,inanimate,usually
434,The policeman inside the building usually,policeman,animate,inside,building,inanimate,usually
435,The presenter around the building usually,presenter,animate,around,building,inanimate,usually
436,The producer after the building usually,producer,animate,after,building,inanimate,usually
437,The programmer after the building usually,programmer,animate,after,building,inanimate,usually
438,The promoter in the building usually,promoter,animate,in,building,inanimate,usually
439,The proofreader inside the building usually,proofreader,animate,inside,building,inanimate,usually
440,The psychiatrist over the building usually,psychiatrist,animate,over,building,inanimate,usually
441,The psychologist in the building usually,psychologist,animate,in,building,inanimate,usually
442,The publicist under the building usually,publicist,animate,under,building,inanimate,usually
443,The publisher near the building usually,publisher,animate,near,building,inanimate,usually
444,The quarterback outside the building usually,quarterback,animate,outside,building,inanimate,usually
445,The radiologist beside the building usually,radiologist,animate,beside,building,inanimate,usually
446,The ranger under the building usually,ranger,animate,under,building,inanimate,usually
447,The realtor after the building usually,realtor,animate,after,building,inanimate,usually
448,The receptionist before the building usually,receptionist,animate,before,building,inanimate,usually
449,The recruiter under the building usually,recruiter,animate,under,building,inanimate,usually
450,The referee behind the building usually,referee,animate,behind,building,inanimate,usually
451,The registrar behind the building usually,registrar,animate,behind,building,inanimate,usually
452,The reporter around the building usually,reporter,animate,around,building,inanimate,usually
453,The researcher after the building usually,researcher,animate,after,building,inanimate,usually
454,The resident before the building usually,resident,animate,before,building,inanimate,usually
455,The responder near the building usually,responder,animate,near,building,inanimate,usually
456,The restaurateur near the building usually,restaurateur,animate,near,building,inanimate,usually
457,The retailer across the building usually,retailer,animate,across,building,inanimate,usually
458,The reviewer inside the building usually,reviewer,animate,inside,building,inanimate,usually
459,The salesman near the building usually,salesman,animate,near,building,inanimate,usually
460,The scholar inside the building usually,scholar,animate,inside,building,inanimate,usually
461,The scientist inside the building usually,scientist,animate,inside,building,inanimate,usually
462,The scout after the building usually,scout,animate,after,building,inanimate,usually
463,The secretary before the building usually,secretary,animate,before,building,inanimate,usually
464,The security around the building usually,security,animate,around,building,inanimate,usually
465,The senator behind the building usually,senator,animate,behind,building,inanimate,usually
466,The sergeant in the building usually,sergeant,animate,in,building,inanimate,usually
467,The shopkeeper outside the building usually,shopkeeper,animate,outside,building,inanimate,usually
468,The sociologist around the building usually,sociologist,animate,around,building,inanimate,usually
469,The software after the building usually,software,animate,after,building,inanimate,usually
470,The specialist near the building usually,specialist,animate,near,building,inanimate,usually
471,The spokesperson across the building usually,spokesperson,animate,across,building,inanimate,usually
472,The statistician across the building usually,statistician,animate,across,building,inanimate,usually
473,The strategist across the building usually,strategist,animate,across,building,inanimate,usually
474,The supervisor in the building usually,supervisor,animate,in,building,inanimate,usually
475,The surveyor over the building usually,surveyor,animate,over,building,inanimate,usually
476,The systems in the building usually,systems,animate,in,building,inanimate,usually
477,The teacher in the building usually,teacher,animate,in,building,inanimate,usually
478,The technician behind the building usually,technician,animate,behind,building,inanimate,usually
479,The telemarketer behind the building usually,telemarketer,animate,behind,building,inanimate,usually
480,The therapist after the building usually,therapist,animate,after,building,inanimate,usually
481,The trader behind the building usually,trader,animate,behind,building,inanimate,usually
482,The trainer across the building usually,trainer,animate,across,building,inanimate,usually
483,The translator behind the building usually,translator,animate,behind,building,inanimate,usually
484,The treasurer under the building usually,treasurer,animate,under,building,inanimate,usually
485,The tutor over the building usually,tutor,animate,over,building,inanimate,usually
486,The umpire around the building usually,umpire,animate,around,building,inanimate,usually
487,The undertaker around the building usually,undertaker,animate,around,building,inanimate,usually
488,The usher outside the building usually,usher,animate,outside,building,inanimate,usually
489,The vendor near the building usually,vendor,animate,near,building,inanimate,usually
490,The veterinarian around the building usually,veterinarian,animate,around,building,inanimate,usually
491,The videographer around the building usually,videographer,animate,around,building,inanimate,usually
492,The volunteer across the building usually,volunteer,animate,across,building,inanimate,usually
493,The warden behind the building usually,warden,animate,behind,building,inanimate,usually
494,The welder outside the building usually,welder,animate,outside,building,inanimate,usually
495,The worker outside the building usually,worker,animate,outside,building,inanimate,usually
496,The writer under the building usually,writer,animate,under,building,inanimate,usually
497,The zoologist beside the building usually,zoologist,animate,beside,building,inanimate,usually
498,The activist under the building usually,activist,animate,under,building,inanimate,usually
499,The advocate in the building usually,advocate,animate,in,building,inanimate,usually
500,The ambassador in the building usually,ambassador,animate,in,building,inanimate,usually
501,The airplane behind the building usually,airplane,inanimate,behind,building,inanimate,usually
502,The amplifier across the building usually,amplifier,inanimate,across,building,inanimate,usually
503,The anchor outside the building usually,anchor,inanimate,outside,building,inanimate,usually
504,The apron under the building usually,apron,inanimate,under,building,inanimate,usually
505,The arch after the building usually,arch,inanimate,after,building,inanimate,usually
506,The arrow around the building usually,arrow,inanimate,around,building,inanimate,usually
507,The backpack outside the building usually,backpack,inanimate,outside,building,inanimate,usually
508,The bag outside the building usually,bag,inanimate,outside,building,inanimate,usually
509,The ball around the building usually,ball,inanimate,around,building,inanimate,usually
510,The balloon before the building usually,balloon,inanimate,before,building,inanimate,usually
511,The barrel near the building usually,barrel,inanimate,near,building,inanimate,usually
512,The basket inside the building usually,basket,inanimate,inside,building,inanimate,usually
513,The battery inside the building usually,battery,inanimate,inside,building,inanimate,usually
514,The bed before the building usually,bed,inanimate,before,building,inanimate,usually
515,The bell outside the building usually,bell,inanimate,outside,building,inanimate,usually
516,The bench inside the building usually,bench,inanimate,inside,building,inanimate,usually
517,The bicycle over the building usually,bicycle,inanimate,over,building,inanimate,usually
518,The blade outside the building usually,blade,inanimate,outside,building,inanimate,usually
519,The blanket after the building usually,blanket,inanimate,after,building,inanimate,usually
520,The book before the building usually,book,inanimate,before,building,inanimate,usually
521,The bottle inside the building usually,bottle,inanimate,inside,building,inanimate,usually
522,The box behind the building usually,box,inanimate,behind,building,inanimate,usually
523,The bridge after the building usually,bridge,inanimate,after,building,inanimate,usually
524,The broom after the building usually,broom,inanimate,after,building,inanimate,usually
525,The bucket over the building usually,bucket,inanimate,over,building,inanimate,usually
526,The building near the building usually,building,inanimate,near,building,inanimate,usually
527,The cabinet inside the building usually,cabinet,inanimate,inside,building,inanimate,usually
528,The camera inside the building usually,camera,inanimate,inside,building,inanimate,usually
529,The candle over the building usually,candle,inanimate,over,building,inanimate,usually
530,The car inside the building usually,car,inanimate,inside,building,inanimate,usually
531,The card across the building usually,card,inanimate,across,building,inanimate,usually
532,The carpet behind the building usually,carpet,inanimate,behind,building,inanimate,usually
533,The cart beside the building usually,cart,inanimate,beside,building,inanimate,usually
534,The chair inside the building usually,chair,inanimate,inside,building,inanimate,usually
535,The chest under the building usually,chest,inanimate,under,building,inanimate,usually
536,The clock after the building usually,clock,inanimate,after,building,inanimate,usually
537,The closet before the building usually,closet,inanimate,before,building,inanimate,usually
538,The computer before the building usually,computer,inanimate,before,building,inanimate,usually
539,The couch before the building usually,couch,inanimate,before,building,inanimate,usually
540,The crate after the building usually,crate,inanimate,after,building,inanimate,usually
541,The cup under the building usually,cup,inanimate,under,building,inanimate,usually
542,The curtain before the building usually,curtain,inanimate,before,building,inanimate,usually
543,The desk over the building usually,desk,inanimate,over,building,inanimate,usually
544,The door after the building usually,door,inanimate,after,building,inanimate,usually
545,The drawer behind the building usually,drawer,inanimate,behind,building,inanimate,usually
546,The drum across the building usually,drum,inanimate,across,building,inanimate,usually
547,The engine over the building usually,engine,inanimate,over,building,inanimate,usually
548,The envelope after the building usually,envelope,inanimate,after,building,inanimate,usually
549,The fence under the building usually,fence,inanimate,under,building,inanimate,usually
550,The flag before the building usually,flag,inanimate,before,building,inanimate,usually
551,The floor after the building usually,floor,inanimate,after,building,inanimate,usually
552,The fork over the building usually,fork,inanimate,over,building,inanimate,usually
553,The furnace beside the building usually,furnace,inanimate,beside,building,inanimate,usually
554,The gate under the building usually,gate,inanimate,under,building,inanimate,usually
555,The gear inside the building usually,gear,inanimate,inside,building,inanimate,usually
556,The glass across the building usually,glass,inanimate,across,building,inanimate,usually
557,The glove before the building usually,glove,inanimate,before,building,inanimate,usually
558,The hammer in the building usually,hammer,inanimate,in,building,inanimate,usually
559,The hat around the building usually,hat,inanimate,around,building,inanimate,usually
560,The helmet beside the building usually,helmet,inanimate,beside,building,inanimate,usually
561,The hook in the building usually,hook,inanimate,in,building,inanimate,usually
562,The instrument before the building usually,instrument,inanimate,before,building,inanimate,usually
563,The jacket inside the building usually,jacket,inanimate,inside,building,inanimate,usually
564,The jug across the building usually,jug,inanimate,across,building,inanimate,usually
565,The keyboard over the building usually,keyboard,inanimate,over,building,inanimate,usually
566,The knife around the building usually,knife,inanimate,around,building,inanimate,usually
567,The ladder under the building usually,ladder,inanimate,under,building,inanimate,usually
568,The lamp inside the building usually,lamp,inanimate,inside,building,inanimate,usually
569,The laptop across the building usually,laptop,inanimate,across,building,inanimate,usually
570,The letter beside the building usually,letter,inanimate,beside,building,inanimate,usually
571,The lever beside the building usually,lever,inanimate,beside,building,inanimate,usually
572,The lid inside the building usually,lid,inanimate,inside,building,inanimate,usually
573,The lock inside the building usually,lock,inanimate,inside,building,inanimate,usually
574,The map around the building usually,map,inanimate,around,building,inanimate,usually
575,The mask behind the building usually,mask,inanimate,behind,building,inanimate,usually
576,The microphone around the building usually,microphone,inanimate,around,building,inanimate,usually
577,The mirror before the building usually,mirror,inanimate,before,building,inanimate,usually
578,The monitor across the building usually,monitor,inanimate,across,building,inanimate,usually
579,The motor near the building usually,motor,inanimate,near,building,inanimate,usually
580,The mug over the building usually,mug,inanimate,over,building,inanimate,usually
581,The needle across the building usually,needle,inanimate,across,building,inanimate,usually
582,The notebook across the building usually,notebook,inanimate,across,building,inanimate,usually
583,The package around the building usually,package,inanimate,around,building,inanimate,usually
584,The paintbrush before the building usually,paintbrush,inanimate,before,building,inanimate,usually
585,The panel near the building usually,panel,inanimate,near,building,inanimate,usually
586,The paper behind the building usually,paper,inanimate,behind,building,inanimate,usually
587,The pen behind the building usually,pen,inanimate,behind,building,inanimate,usually
588,The pencil inside the building usually,pencil,inanimate,inside,building,inanimate,usually
589,The phone beside the building usually,phone,inanimate,beside,building,inanimate,usually
590,The piano in the building usually,piano,inanimate,in,building,inanimate,usually
591,The pipe beside the building usually,pipe,inanimate,beside,building,inanimate,usually
592,The plate around the building usually,plate,inanimate,around,building,inanimate,usually
593,The plug under the building usually,plug,inanimate,under,building,inanimate,usually
594,The pocket after the building usually,pocket,inanimate,after,building,inanimate,usually
595,The post inside the building usually,post,inanimate,inside,building,inanimate,usually
596,The projector outside the building usually,projector,inanimate,outside,building,inanimate,usually
597,The radio outside the building usually,radio,inanimate,outside,building,inanimate,usually
598,The raft beside the building usually,raft,inanimate,beside,building,inanimate,usually
599,The rail over the building usually,rail,inanimate,over,building,inanimate,usually
600,The rope behind the building usually,rope,inanimate,behind,building,inanimate,usually
601,The saddle behind the building usually,saddle,inanimate,behind,building,inanimate,usually
602,The saw behind the building usually,saw,inanimate,behind,building,inanimate,usually
603,The screen beside the building usually,screen,inanimate,beside,building,inanimate,usually
604,The shelf in the building usually,shelf,inanimate,in,building,inanimate,usually
605,The shield beside the building usually,shield,inanimate,beside,building,inanimate,usually
606,The shoe over the building usually,shoe,inanimate,over,building,inanimate,usually
607,The shop outside the building usually,shop,inanimate,outside,building,inanimate,usually
608,The shovel under the building usually,shovel,inanimate,under,building,inanimate,usually
609,The sign after the building usually,sign,inanimate,after,building,inanimate,usually
610,The sink around the building usually,sink,inanimate,around,building,inanimate,usually
611,The skateboard outside the building usually,skateboard,inanimate,outside,building,inanimate,usually
612,The spear after the building usually,spear,inanimate,after,building,inanimate,usually
613,The spoon after the building usually,spoon,inanimate,after,building,inanimate,usually
614,The stall across the building usually,stall,inanimate,across,building,inanimate,usually
615,The statue beside the building usually,statue,inanimate,beside,building,inanimate,usually
616,The stool behind the building usually,stool,inanimate,behind,building,inanimate,usually
617,The storage around the building usually,storage,inanimate,around,building,inanimate,usually
618,The stove before the building usually,stove,inanimate,before,building,inanimate,usually
619,The streetlight inside the building usually,streetlight,inanimate,inside,building,inanimate,usually
620,The suitcase outside the building usually,suitcase,inanimate,outside,building,inanimate,usually
621,The table under the building usually,table,inanimate,under,building,inanimate,usually
622,The tank behind the building usually,tank,inanimate,behind,building,inanimate,usually
623,The telescope around the building usually,telescope,inanimate,around,building,inanimate,usually
624,The tent before the building usually,tent,inanimate,before,building,inanimate,usually
625,The ticket outside the building usually,ticket,inanimate,outside,building,inanimate,usually
626,The toolbox near the building usually,toolbox,inanimate,near,building,inanimate,usually
627,The toothbrush in the building usually,toothbrush,inanimate,in,building,inanimate,usually
628,The tower across the building usually,tower,inanimate,across,building,inanimate,usually
629,The trap under the building usually,trap,inanimate,under,building,inanimate,usually
630,The tray after the building usually,tray,inanimate,after,building,inanimate,usually
631,The truck outside the building usually,truck,inanimate,outside,building,inanimate,usually
632,The trumpet before the building usually,trumpet,inanimate,before,building,inanimate,usually
633,The tunnel in the building usually,tunnel,inanimate,in,building,inanimate,usually
634,The umbrella before the building usually,umbrella,inanimate,before,building,inanimate,usually
635,The vase before the building usually,vase,inanimate,before,building,inanimate,usually
636,The violin before the building usually,violin,inanimate,before,building,inanimate,usually
637,The wall after the building usually,wall,inanimate,after,building,inanimate,usually
638,The wallet beside the building usually,wallet,inanimate,beside,building,inanimate,usually
639,The wardrobe in the building usually,wardrobe,inanimate,in,building,inanimate,usually
640,The window across the building usually,window,inanimate,across,building,inanimate,usually
641,The wire in the building usually,wire,inanimate,in,building,inanimate,usually
642,The wrench beside the building usually,wrench,inanimate,beside,building,inanimate,usually
643,The alley around the building usually,alley,inanimate,around,building,inanimate,usually
644,The bank outside the building usually,bank,inanimate,outside,building,inanimate,usually
645,The bay behind the building usually,bay,inanimate,behind,building,inanimate,usually
646,The beach around the building usually,beach,inanimate,around,building,inanimate,usually
647,The cabin near the building usually,cabin,inanimate,near,building,inanimate,usually
648,The canyon near the building usually,canyon,inanimate,near,building,inanimate,usually
649,The cave behind the building usually,cave,inanimate,behind,building,inanimate,usually
650,The cemetery under the building usually,cemetery,inanimate,under,building,inanimate,usually
651,The chapel before the building usually,chapel,inanimate,before,building,inanimate,usually
652,The city before the building usually,city,inanimate,before,building,inanimate,usually
653,The cliff after the building usually,cliff,inanimate,after,building,inanimate,usually
654,The continent inside the building usually,continent,inanimate,inside,building,inanimate,usually
655,The courtyard inside the building usually,courtyard,inanimate,inside,building,inanimate,usually
656,The desert near the building usually,desert,inanimate,near,building,inanimate,usually
657,The diner after the building usually,diner,inanimate,after,building,inanimate,usually
658,The dock over the building usually,dock,inanimate,over,building,inanimate,usually
659,The field under the building usually,field,inanimate,under,building,inanimate,usually
660,The forest behind the building usually,forest,inanimate,behind,building,inanimate,usually
661,The garden inside the building usually,garden,inanimate,inside,building,inanimate,usually
662,The harbor under the building usually,harbor,inanimate,under,building,inanimate,usually
663,The highway over the building usually,highway,inanimate,over,building,inanimate,usually
664,The hill after the building usually,hill,inanimate,after,building,inanimate,usually
665,The hospital outside the building usually,hospital,inanimate,outside,building,inanimate,usually
666,The hotel across the building usually,hotel,inanimate,across,building,inanimate,usually
667,The house behind the building usually,house,inanimate,behind,building,inanimate,usually
668,The hut near the building usually,hut,inanimate,near,building,inanimate,usually
669,The island near the building usually,island,inanimate,near,building,inanimate,usually
670,The lake inside the building usually,lake,inanimate,inside,building,inanimate,usually
671,The library before the building usually,library,inanimate,before,building,inanimate,usually
672,The market behind the building usually,market,inanimate,behind,building,inanimate,usually
673,The meadow in the building usually,meadow,inanimate,in,building,inanimate,usually
674,The mine near the building usually,mine,inanimate,near,building,inanimate,usually
675,The mountain behind the building usually,mountain,inanimate,behind,building,inanimate,usually
676,The museum around the building usually,museum,inanimate,around,building,inanimate,usually
677,The ocean beside the building usually,ocean,inanimate,beside,building,inanimate,usually
678,The office under the building usually,office,inanimate,under,building,inanimate,usually
679,The palace after the building usually,palace,inanimate,after,building,inanimate,usually
680,The park before the building usually,park,inanimate,before,building,inanimate,usually
681,The pier over the building usually,pier,inanimate,over,building,inanimate,usually
682,The plaza in the building usually,plaza,inanimate,in,building,inanimate,usually
683,The port over the building usually,port,inanimate,over,building,inanimate,usually
684,The river around the building usually,river,inanimate,around,building,inanimate,usually
685,The road near the building usually,road,inanimate,near,building,inanimate,usually
686,The room beside the building usually,room,inanimate,beside,building,inanimate,usually
687,The school inside the building usually,school,inanimate,inside,building,inanimate,usually
688,The shopfront across the building usually,shopfront,inanimate,across,building,inanimate,usually
689,The sidewalk across the building usually,sidewalk,inanimate,across,building,inanimate,usually
690,The stadium before the building usually,stadium,inanimate,before,building,inanimate,usually
691,The station behind the building usually,station,inanimate,behind,building,inanimate,usually
692,The street under the building usually,street,inanimate,under,building,inanimate,usually
693,The temple after the building usually,temple,inanimate,after,building,inanimate,usually
694,The towerblock beside the building usually,towerblock,inanimate,beside,building,inanimate,usually
695,The town beside the building usually,town,inanimate,beside,building,inanimate,usually
696,The village behind the building usually,village,inanimate,behind,building,inanimate,usually
697,The warehouse outside the building usually,warehouse,inanimate,outside,building,inanimate,usually
698,The workshop around the building usually,workshop,inanimate,around,building,inanimate,usually
699,The airplane across the building usually,airplane,inanimate,across,building,inanimate,usually
700,The amplifier in the building usually,amplifier,inanimate,in,building,inanimate,usually
701,The anchor outside the building usually,anchor,inanimate,outside,building,inanimate,usually
702,The apron outside the building usually,apron,inanimate,outside,building,inanimate,usually
703,The arch after the building usually,arch,inanimate,after,building,inanimate,usually
704,The arrow outside the building usually,arrow,inanimate,outside,building,inanimate,usually
705,The backpack inside the building usually,backpack,inanimate,inside,building,inanimate,usually
706,The bag near the building usually,bag,inanimate,near,building,inanimate,usually
707,The ball around the building usually,ball,inanimate,around,building,inanimate,usually
708,The balloon inside the building usually,balloon,inanimate,inside,building,inanimate,usually
709,The barrel outside the building usually,barrel,inanimate,outside,building,inanimate,usually
710,The basket outside the building usually,basket,inanimate,outside,building,inanimate,usually
711,The battery behind the building usually,battery,inanimate,behind,building,inanimate,usually
712,The bed around the building usually,bed,inanimate,around,building,inanimate,usually
713,The bell inside the building usually,bell,inanimate,inside,building,inanimate,usually
714,The bench after the building usually,bench,inanimate,after,building,inanimate,usually
715,The bicycle after the building usually,bicycle,inanimate,after,building,inanimate,usually
716,The blade before the building usually,blade,inanimate,before,building,inanimate,usually
717,The blanket under the building usually,blanket,inanimate,under,building,inanimate,usually
718,The book across the building usually,book,inanimate,across,building,inanimate,usually
719,The bottle before the building usually,bottle,inanimate,before,building,inanimate,usually
720,The box over the building usually,box,inanimate,over,building,inanimate,usually
721,The bridge across the building usually,bridge,inanimate,across,building,inanimate,usually
722,The broom around the building usually,broom,inanimate,around,building,inanimate,usually
723,The bucket across the building usually,bucket,inanimate,across,building,inanimate,usually
724,The building across the building usually,building,inanimate,across,building,inanimate,usually
725,The cabinet before the building usually,cabinet,inanimate,before,building,inanimate,usually
726,The camera behind the building usually,camera,inanimate,behind,building,inanimate,usually
727,The candle inside the building usually,candle,inanimate,inside,building,inanimate,usually
728,The car across the building usually,car,inanimate,across,building,inanimate,usually
729,The card inside the building usually,card,inanimate,inside,building,inanimate,usually
730,The carpet across the building usually,carpet,inanimate,across,building,inanimate,usually
731,The cart behind the building usually,cart,inanimate,behind,building,inanimate,usually
732,The chair near the building usually,chair,inanimate,near,building,inanimate,usually
733,The chest before the building usually,chest,inanimate,before,building,inanimate,usually
734,The clock across the building usually,clock,inanimate,across,building,inanimate,usually
735,The closet under the building usually,closet,inanimate,under,building,inanimate,usually
736,The computer beside the building usually,computer,inanimate,beside,building,inanimate,usually
737,The couch near the building usually,couch,inanimate,near,building,inanimate,usually
738,The crate across the building usually,crate,inanimate,across,building,inanimate,usually
739,The cup behind the building usually,cup,inanimate,behind,building,inanimate,usually
740,The curtain behind the building usually,curtain,inanimate,behind,building,inanimate,usually
741,The desk around the building usually,desk,inanimate,around,building,inanimate,usually
742,The door inside the building usually,door,inanimate,inside,building,inanimate,usually
743,The drawer before the building usually,drawer,inanimate,before,building,inanimate,usually
744,The drum across the building usually,drum,inanimate,across,building,inanimate,usually
745,The engine outside the building usually,engine,inanimate,outside,building,inanimate,usually
746,The envelope before the building usually,envelope,inanimate,before,building,inanimate,usually
747,The fence across the building usually,fence,inanimate,across,building,inanimate,usually
748,The flag under the building usually,flag,inanimate,under,building,inanimate,usually
749,The floor behind the building usually,floor,inanimate,behind,building,inanimate,usually
750,The fork after the building usually,fork,inanimate,after,building,inanimate,usually
751,The furnace behind the building usually,furnace,inanimate,behind,building,inanimate,usually
752,The gate beside the building usually,gate,inanimate,beside,building,inanimate,usually
753,The gear outside the building usually,gear,inanimate,outside,building,inanimate,usually
754,The glass before the building usually,glass,inanimate,before,building,inanimate,usually
755,The glove in the building usually,glove,inanimate,in,building,inanimate,usually
756,The hammer before the building usually,hammer,inanimate,before,building,inanimate,usually
757,The hat beside the building usually,hat,inanimate,beside,building,inanimate,usually
758,The helmet near the building usually,helmet,inanimate,near,building,inanimate,usually
759,The hook across the building usually,hook,inanimate,across,building,inanimate,usually
760,The instrument outside the building usually,instrument,inanimate,outside,building,inanimate,usually
761,The jacket inside the building usually,jacket,inanimate,inside,building,inanimate,usually
762,The jug behind the building usually,jug,inanimate,behind,building,inanimate,usually
763,The keyboard before the building usually,keyboard,inanimate,before,building,inanimate,usually
764,The knife around the building usually,knife,inanimate,around,building,inanimate,usually
765,The ladder after the building usually,ladder,inanimate,after,building,inanimate,usually
766,The lamp across the building usually,lamp,inanimate,across,building,inanimate,usually
767,The laptop before the building usually,laptop,inanimate,before,building,inanimate,usually
768,The letter under the building usually,letter,inanimate,under,building,inanimate,usually
769,The lever around the building usually,lever,inanimate,around,building,inanimate,usually
770,The lid before the building usually,lid,inanimate,before,building,inanimate,usually
771,The lock beside the building usually,lock,inanimate,beside,building,inanimate,usually
772,The map across the building usually,map,inanimate,across,building,inanimate,usually
773,The mask across the building usually,mask,inanimate,across,building,inanimate,usually
774,The microphone beside the building usually,microphone,inanimate,beside,building,inanimate,usually
775,The mirror inside the building usually,mirror,inanimate,inside,building,inanimate,usually
776,The monitor over the building usually,monitor,inanimate,over,building,inanimate,usually
777,The motor around the building usually,motor,inanimate,around,building,inanimate,usually
778,The mug after the building usually,mug,inanimate,after,building,inanimate,usually
779,The needle in the building usually,needle,inanimate,in,building,inanimate,usually
780,The notebook near the building usually,notebook,inanimate,near,building,inanimate,usually
781,The package around the building usually,package,inanimate,around,building,inanimate,usually
782,The paintbrush behind the building usually,paintbrush,inanimate,behind,building,inanimate,usually
783,The panel outside the building usually,panel,inanimate,outside,building,inanimate,usually
784,The paper before the building usually,paper,inanimate,before,building,inanimate,usually
785,The pen beside the building usually,pen,inanimate,beside,building,inanimate,usually
786,The pencil before the building usually,pencil,inanimate,before,building,inanimate,usually
787,The phone around the building usually,phone,inanimate,around,building,inanimate,usually
788,The piano behind the building usually,piano,inanimate,behind,building,inanimate,usually
789,The pipe before the building usually,pipe,inanimate,before,building,inanimate,usually
790,The plate around the building usually,plate,inanimate,around,building,inanimate,usually
791,The plug outside the building usually,plug,inanimate,outside,building,inanimate,usually
792,The pocket across the building usually,pocket,inanimate,across,building,inanimate,usually
793,The post behind the building usually,post,inanimate,behind,building,inanimate,usually
794,The projector near the building usually,projector,inanimate,near,building,inanimate,usually
795,The radio behind the building usually,radio,inanimate,behind,building,inanimate,usually
796,The raft over the building usually,raft,inanimate,over,building,inanimate,usually
797,The rail in the building usually,rail,inanimate,in,building,inanimate,usually
798,The rope inside the building usually,rope,inanimate,inside,building,inanimate,usually
799,The saddle after the building usually,saddle,inanimate,after,building,inanimate,usually
800,The saw over the building usually,saw,inanimate,over,building,inanimate,usually
801,The screen over the building usually,screen,inanimate,over,building,inanimate,usually
802,The shelf beside the building usually,shelf,inanimate,beside,building,inanimate,usually
803,The shield across the building usually,shield,inanimate,across,building,inanimate,usually
804,The shoe after the building usually,shoe,inanimate,after,building,inanimate,usually
805,The shop over the building usually,shop,inanimate,over,building,inanimate,usually
806,The shovel outside the building usually,shovel,inanimate,outside,building,inanimate,usually
807,The sign inside the building usually,sign,inanimate,inside,building,inanimate,usually
808,The sink in the building usually,sink,inanimate,in,building,inanimate,usually
809,The skateboard before the building usually,skateboard,inanimate,before,building,inanimate,usually
810,The spear around the building usually,spear,inanimate,around,building,inanimate,usually
811,The spoon near the building usually,spoon,inanimate,near,building,inanimate,usually
812,The stall around the building usually,stall,inanimate,around,building,inanimate,usually
813,The statue before the building usually,statue,inanimate,before,building,inanimate,usually
814,The stool after the building usually,stool,inanimate,after,building,inanimate,usually
815,The storage outside the building usually,storage,inanimate,outside,building,inanimate,usually
816,The stove beside the building usually,stove,inanimate,beside,building,inanimate,usually
817,The streetlight behind the building usually,streetlight,inanimate,behind,building,inanimate,usually
818,The suitcase under the building usually,suitcase,inanimate,under,building,inanimate,usually
819,The table behind the building usually,table,inanimate,behind,building,inanimate,usually
820,The tank outside the building usually,tank,inanimate,outside,building,inanimate,usually
821,The telescope in the building usually,telescope,inanimate,in,building,inanimate,usually
822,The tent over the building usually,tent,inanimate,over,building,inanimate,usually
823,The ticket across the building usually,ticket,inanimate,across,building,inanimate,usually
824,The toolbox around the building usually,toolbox,inanimate,around,building,inanimate,usually
825,The toothbrush inside the building usually,toothbrush,inanimate,inside,building,inanimate,usually
826,The tower beside the building usually,tower,inanimate,beside,building,inanimate,usually
827,The trap beside the building usually,trap,inanimate,beside,building,inanimate,usually
828,The tray after the building usually,tray,inanimate,after,building,inanimate,usually
829,The truck across the building usually,truck,inanimate,across,building,inanimate,usually
830,The trumpet inside the building usually,trumpet,inanimate,inside,building,inanimate,usually
831,The tunnel beside the building usually,tunnel,inanimate,beside,building,inanimate,usually
832,The umbrella over the building usually,umbrella,inanimate,over,building,inanimate,usually
833,The vase near the building usually,vase,inanimate,near,building,inanimate,usually
834,The violin around the building usually,violin,inanimate,around,building,inanimate,usually
835,The wall inside the building usually,wall,inanimate,inside,building,inanimate,usually
836,The wallet beside the building usually,wallet,inanimate,beside,building,inanimate,usually
837,The wardrobe under the building usually,wardrobe,inanimate,under,building,inanimate,usually
838,The window near the building usually,window,inanimate,near,building,inanimate,usually
839,The wire behind the building usually,wire,inanimate,behind,building,inanimate,usually
840,The wrench before the building usually,wrench,inanimate,before,building,inanimate,usually
841,The alley beside the building usually,alley,inanimate,beside,building,inanimate,usually
842,The bank over the building usually,bank,inanimate,over,building,inanimate,usually
843,The bay after the building usually,bay,inanimate,after,building,inanimate,usually
844,The beach in the building usually,beach,inanimate,in,building,inanimate,usually
845,The cabin in the building usually,cabin,inanimate,in,building,inanimate,usually
846,The canyon inside the building usually,canyon,inanimate,inside,building,inanimate,usually
847,The cave around the building usually,cave,inanimate,around,building,inanimate,usually
848,The cemetery over the building usually,cemetery,inanimate,over,building,inanimate,usually
849,The chapel under the building usually,chapel,inanimate,under,building,inanimate,usually
850,The city around the building usually,city,inanimate,around,building,inanimate,usually
851,The cliff beside the building usually,cliff,inanimate,beside,building,inanimate,usually
852,The continent before the building usually,continent,inanimate,before,building,inanimate,usually
853,The courtyard beside the building usually,courtyard,inanimate,beside,building,inanimate,usually
854,The desert under the building usually,desert,inanimate,under,building,inanimate,usually
855,The diner across the building usually,diner,inanimate,across,building,inanimate,usually
856,The dock across the building usually,dock,inanimate,across,building,inanimate,usually
857,The field near the building usually,field,inanimate,near,building,inanimate,usually
858,The forest in the building usually,forest,inanimate,in,building,inanimate,usually
859,The garden outside the building usually,garden,inanimate,outside,building,inanimate,usually
860,The harbor behind the building usually,harbor,inanimate,behind,building,inanimate,usually
861,The highway behind the building usually,highway,inanimate,behind,building,inanimate,usually
862,The hill after the building usually,hill,inanimate,after,building,inanimate,usually
863,The hospital beside the building usually,hospital,inanimate,beside,building,inanimate,usually
864,The hotel around the building usually,hotel,inanimate,around,building,inanimate,usually
865,The house after the building usually,house,inanimate,after,building,inanimate,usually
866,The hut after the building usually,hut,inanimate,after,building,inanimate,usually
867,The island under the building usually,island,inanimate,under,building,inanimate,usually
868,The lake around the building usually,lake,inanimate,around,building,inanimate,usually
869,The library outside the building usually,library,inanimate,outside,building,inanimate,usually
870,The market across the building usually,market,inanimate,across,building,inanimate,usually
871,The meadow behind the building usually,meadow,inanimate,behind,building,inanimate,usually
872,The mine under the building usually,mine,inanimate,under,building,inanimate,usually
873,The mountain under the building usually,mountain,inanimate,under,building,inanimate,usually
874,The museum under the building usually,museum,inanimate,under,building,inanimate,usually
875,The ocean after the building usually,ocean,inanimate,after,building,inanimate,usually
876,The office inside the building usually,office,inanimate,inside,building,inanimate,usually
877,The palace around the building usually,palace,inanimate,around,building,inanimate,usually
878,The park in the building usually,park,inanimate,in,building,inanimate,usually
879,The pier across the building usually,pier,inanimate,across,building,inanimate,usually
880,The plaza after the building usually,plaza,inanimate,after,building,inanimate,usually
881,The port in the building usually,port,inanimate,in,building,inanimate,usually
882,The river after the building usually,river,inanimate,after,building,inanimate,usually
883,The road after the building usually,road,inanimate,after,building,inanimate,usually
884,The room inside the building usually,room,inanimate,inside,building,inanimate,usually
885,The school over the building usually,school,inanimate,over,building,inanimate,usually
886,The shopfront over the building usually,shopfront,inanimate,over,building,inanimate,usually
887,The sidewalk around the building usually,sidewalk,inanimate,around,building,inanimate,usually
888,The stadium under the building usually,stadium,inanimate,under,building,inanimate,usually
889,The station inside the building usually,station,inanimate,inside,building,inanimate,usually
890,The street after the building usually,street,inanimate,after,building,inanimate,usually
891,The temple outside the building usually,temple,inanimate,outside,building,inanimate,usually
892,The towerblock outside the building usually,towerblock,inanimate,outside,building,inanimate,usually
893,The town across the building usually,town,inanimate,across,building,inanimate,usually
894,The village outside the building usually,village,inanimate,outside,building,inanimate,usually
895,The warehouse in the building usually,warehouse,inanimate,in,building,inanimate,usually
896,The workshop behind the building usually,workshop,inanimate,behind,building,inanimate,usually
897,The airplane across the building usually,airplane,inanimate,across,building,inanimate,usually
898,The amplifier in the building usually,amplifier,inanimate,in,building,inanimate,usually
899,The anchor in the building usually,anchor,inanimate,in,building,inanimate,usually
900,The apron in the building usually,apron,inanimate,in,building,inanimate,usually
901,The arch beside the building usually,arch,inanimate,beside,building,inanimate,usually
902,The arrow under the building usually,arrow,inanimate,under,building,inanimate,usually
903,The backpack inside the building usually,backpack,inanimate,inside,building,inanimate,usually
904,The bag beside the building usually,bag,inanimate,beside,building,inanimate,usually
905,The ball under the building usually,ball,inanimate,under,building,inanimate,usually
906,The balloon across the building usually,balloon,inanimate,across,building,inanimate,usually
907,The barrel outside the building usually,barrel,inanimate,outside,building,inanimate,usually
908,The basket across the building usually,basket,inanimate,across,building,inanimate,usually
909,The battery near the building usually,battery,inanimate,near,building,inanimate,usually
910,The bed before the building usually,bed,inanimate,before,building,inanimate,usually
911,The bell across the building usually,bell,inanimate,across,building,inanimate,usually
912,The bench outside the building usually,bench,inanimate,outside,building,inanimate,usually
913,The bicycle behind the building usually,bicycle,inanimate,behind,building,inanimate,usually
914,The blade under the building usually,blade,inanimate,under,building,inanimate,usually
915,The blanket under the building usually,blanket,inanimate,under,building,inanimate,usually
916,The book before the building usually,book,inanimate,before,building,inanimate,usually
917,The bottle inside the building usually,bottle,inanimate,inside,building,inanimate,usually
918,The box across the building usually,box,inanimate,across,building,inanimate,usually
919,The bridge in the building usually,bridge,inanimate,in,building,inanimate,usually
920,The broom near the building usually,broom,inanimate,near,building,inanimate,usually
921,The bucket behind the building usually,bucket,inanimate,behind,building,inanimate,usually
922,The building near the building usually,building,inanimate,near,building,inanimate,usually
923,The cabinet after the building usually,cabinet,inanimate,after,building,inanimate,usually
924,The camera under the building usually,camera,inanimate,under,building,inanimate,usually
925,The candle behind the building usually,candle,inanimate,behind,building,inanimate,usually
926,The car across the building usually,car,inanimate,across,building,inanimate,usually
927,The card after the building usually,card,inanimate,after,building,inanimate,usually
928,The carpet under the building usually,carpet,inanimate,under,building,inanimate,usually
929,The cart before the building usually,cart,inanimate,before,building,inanimate,usually
930,The chair after the building usually,chair,inanimate,after,building,inanimate,usually
931,The chest after the building usually,chest,inanimate,after,building,inanimate,usually
932,The clock over the building usually,clock,inanimate,over,building,inanimate,usually
933,The closet under the building usually,closet,inanimate,under,building,inanimate,usually
934,The computer inside the building usually,computer,inanimate,inside,building,inanimate,usually
935,The couch around the building usually,couch,inanimate,around,building,inanimate,usually
936,The crate near the building usually,crate,inanimate,near,building,inanimate,usually
937,The cup near the building usually,cup,inanimate,near,building,inanimate,usually
938,The curtain outside the building usually,curtain,inanimate,outside,building,inanimate,usually
939,The desk around the building usually,desk,inanimate,around,building,inanimate,usually
940,The door outside the building usually,door,inanimate,outside,building,inanimate,usually
941,The drawer near the building usually,drawer,inanimate,near,building,inanimate,usually
942,The drum before the building usually,drum,inanimate,before,building,inanimate,usually
943,The engine after the building usually,engine,inanimate,after,building,inanimate,usually
944,The envelope after the building usually,envelope,inanimate,after,building,inanimate,usually
945,The fence over the building usually,fence,inanimate,over,building,inanimate,usually
946,The flag beside the building usually,flag,inanimate,beside,building,inanimate,usually
947,The floor over the building usually,floor,inanimate,over,building,inanimate,usually
948,The fork in the building usually,fork,inanimate,in,building,inanimate,usually
949,The furnace in the building usually,furnace,inanimate,in,building,inanimate,usually
950,The gate inside the building usually,gate,inanimate,inside,building,inanimate,usually
951,The gear outside the building usually,gear,inanimate,outside,building,inanimate,usually
952,The glass behind the building usually,glass,inanimate,behind,building,inanimate,usually
953,The glove before the building usually,glove,inanimate,before,building,inanimate,usually
954,The hammer around the building usually,hammer,inanimate,around,building,inanimate,usually
955,The hat behind the building usually,hat,inanimate,behind,building,inanimate,usually
956,The helmet over the building usually,helmet,inanimate,over,building,inanimate,usually
957,The hook outside the building usually,hook,inanimate,outside,building,inanimate,usually
958,The instrument before the building usually,instrument,inanimate,before,building,inanimate,usually
959,The jacket over the building usually,jacket,inanimate,over,building,inanimate,usually
960,The jug outside the building usually,jug,inanimate,outside,building,inanimate,usually
961,The keyboard outside the building usually,keyboard,inanimate,outside,building,inanimate,usually
962,The knife beside the building usually,knife,inanimate,beside,building,inanimate,usually
963,The ladder under the building usually,ladder,inanimate,under,building,inanimate,usually
964,The lamp beside the building usually,lamp,inanimate,beside,building,inanimate,usually
965,The laptop around the building usually,laptop,inanimate,around,building,inanimate,usually
966,The letter over the building usually,letter,inanimate,over,building,inanimate,usually
967,The lever in the building usually,lever,inanimate,in,building,inanimate,usually
968,The lid over the building usually,lid,inanimate,over,building,inanimate,usually
969,The lock beside the building usually,lock,inanimate,beside,building,inanimate,usually
970,The map inside the building usually,map,inanimate,inside,building,inanimate,usually
971,The mask over the building usually,mask,inanimate,over,building,inanimate,usually
972,The microphone around the building usually,microphone,inanimate,around,building,inanimate,usually
973,The mirror in the building usually,mirror,inanimate,in,building,inanimate,usually
974,The monitor across the building usually,monitor,inanimate,across,building,inanimate,usually
975,The motor inside the building usually,motor,inanimate,inside,building,inanimate,usually
976,The mug across the building usually,mug,inanimate,across,building,inanimate,usually
977,The needle beside the building usually,needle,inanimate,beside,building,inanimate,usually
978,The notebook across the building usually,notebook,inanimate,across,building,inanimate,usually
979,The package near the building usually,package,inanimate,near,building,inanimate,usually
980,The paintbrush across the building usually,paintbrush,inanimate,across,building,inanimate,usually
981,The panel inside the building usually,panel,inanimate,inside,building,inanimate,usually
982,The paper under the building usually,paper,inanimate,under,building,inanimate,usually
983,The pen after the building usually,pen,inanimate,after,building,inanimate,usually
984,The pencil behind the building usually,pencil,inanimate,behind,building,inanimate,usually
985,The phone near the building usually,phone,inanimate,near,building,inanimate,usually
986,The piano under the building usually,piano,inanimate,under,building,inanimate,usually
987,The pipe beside the building usually,pipe,inanimate,beside,building,inanimate,usually
988,The plate before the building usually,plate,inanimate,before,building,inanimate,usually
989,The plug near the building usually,plug,inanimate,near,building,inanimate,usually
990,The pocket under the building usually,pocket,inanimate,under,building,inanimate,usually
991,The post over the building usually,post,inanimate,over,building,inanimate,usually
992,The projector across the building usually,projector,inanimate,across,building,inanimate,usually
993,The radio inside the building usually,radio,inanimate,inside,building,inanimate,usually
994,The raft outside the building usually,raft,inanimate,outside,building,inanimate,usually
995,The rail beside the building usually,rail,inanimate,beside,building,inanimate,usually
996,The rope beside the building usually,rope,inanimate,beside,building,inanimate,usually
997,The saddle around the building usually,saddle,inanimate,around,building,inanimate,usually
998,The saw in the building usually,saw,inanimate,in,building,inanimate,usually
999,The screen inside the building usually,screen,inanimate,inside,building,inanimate,usually
1000,The shelf in the building usually,shelf,inanimate,in,building,inanimate,usually
